{"matrix": {
	"u": [0.649979, 0.759953, -0],
	"v": [-0.759953, 0.649979, 0],
	"w": [0, 0, 1],
	"t": [0.073661, 0.095007, 0.030759]
	"quat": [0, 0, 0.418343, 0.908289],
}}